,t,T,s,i,o,c,h,l,v,n
0,2025-01-18,2025-01-18 23:59:59.999,TRUMP,1d,8.7494,28.433,35.0,8.6541,69452445.599999994,904123
1,2025-01-19,2025-01-19 23:59:59.999,TRUMP,1d,28.433,46.632,88.8,24.01,97010247.099999994,2051402
2,2025-01-20,2025-01-20 23:59:59.999,TRUMP,1d,46.644,36.47,64.239,34.5,51310790.5,1426154
3,2025-01-21,2025-01-21 23:59:59.999,TRUMP,1d,36.48,43.808,48.536,30.331,41349756.6000000015,936482
4,2025-01-22,2025-01-22 23:59:59.999,TRUMP,1d,43.809,36.848,44.56,36.092,12954739.9000000004,369163
5,2025-01-23,2025-01-23 23:59:59.999,TRUMP,1d,36.871,34.705,39.672,34.098,15706224.0999999996,264843
6,2025-01-24,2025-01-24 23:59:59.999,TRUMP,1d,34.7,30.172,35.473,29.094,8634000.0,141578
7,2025-01-25,2025-01-25 23:59:59.999,TRUMP,1d,30.192,28.894,30.648,25.715,16387296.8000000007,222232
8,2025-01-26,2025-01-26 23:59:59.999,TRUMP,1d,28.903,27.402,32.357,27.075,10629667.8000000007,162503
9,2025-01-27,2025-01-27 23:59:59.999,TRUMP,1d,27.388,28.043,28.262,24.65,11765255.8000000007,150473
10,2025-01-28,2025-01-28 23:59:59.999,TRUMP,1d,28.044,27.331,30.544,26.272,10789439.0999999996,177681
11,2025-01-29,2025-01-29 23:59:59.999,TRUMP,1d,27.328,27.253,28.701,26.3,4819148.2000000002,79517
12,2025-01-30,2025-01-30 23:59:59.999,TRUMP,1d,27.263,26.06,28.325,25.797,3185240.8999999999,64743
13,2025-01-31,2025-01-31 23:59:59.999,TRUMP,1d,26.051,24.137,26.666,23.639,4456491.9000000004,69596
14,2025-02-01,2025-02-01 23:59:59.999,TRUMP,1d,24.134,19.68,25.042,18.519,11164878.6999999993,117163
15,2025-02-02,2025-02-02 23:59:59.999,TRUMP,1d,19.677,21.004,22.626,19.364,11825561.5999999996,150058
16,2025-02-03,2025-02-03 23:59:59.999,TRUMP,1d,21.017,19.672,21.199,15.881,15171672.5,178231
17,2025-02-04,2025-02-04 23:59:59.999,TRUMP,1d,19.673,17.197,19.791,16.326,7039800.9000000004,90526
18,2025-02-05,2025-02-05 23:59:59.999,TRUMP,1d,17.196,18.155,20.647,17.196,6966791.7999999998,90753
19,2025-02-06,2025-02-06 23:59:59.999,TRUMP,1d,18.166,17.087,19.509,16.799,4615670.0,60579
20,2025-02-07,2025-02-07 23:59:59.999,TRUMP,1d,17.088,16.571,18.259,16.15,4575001.9000000004,60998
21,2025-02-08,2025-02-08 23:59:59.999,TRUMP,1d,16.559,17.24,17.482,16.194,2068734.7,26520
22,2025-02-09,2025-02-09 23:59:59.999,TRUMP,1d,17.248,15.874,17.932,15.322,3219083.0,38544
23,2025-02-10,2025-02-10 23:59:59.999,TRUMP,1d,15.862,15.903,16.546,14.344,3163858.2000000002,40294
24,2025-02-11,2025-02-11 23:59:59.999,TRUMP,1d,15.914,15.351,16.794,15.211,1457214.8999999999,21178
25,2025-02-12,2025-02-12 23:59:59.999,TRUMP,1d,15.331,15.452,15.561,14.459,2021647.3,29696
26,2025-02-13,2025-02-13 23:59:59.999,TRUMP,1d,15.446,16.292,17.946,15.289,4224811.7000000002,58121
27,2025-02-14,2025-02-14 23:59:59.999,TRUMP,1d,16.293,21.563,24.48,15.838,11784789.0,142271
28,2025-02-15,2025-02-15 23:59:59.999,TRUMP,1d,21.517,18.675,22.4,18.1,6359604.2999999998,97571
29,2025-02-16,2025-02-16 23:59:59.999,TRUMP,1d,18.649,18.744,19.57,18.233,2772448.2000000002,46242
30,2025-02-17,2025-02-17 23:59:59.999,TRUMP,1d,18.745,17.179,19.341,16.821,4544672.5999999996,51740
31,2025-02-18,2025-02-18 23:59:59.999,TRUMP,1d,17.156,16.367,17.427,15.606,4272230.7000000002,42141
32,2025-02-19,2025-02-19 23:59:59.999,TRUMP,1d,16.369,17.03,17.409,16.054,2606096.6000000001,31811
33,2025-02-20,2025-02-20 23:59:59.999,TRUMP,1d,17.06,17.092,17.453,16.573,1656758.7,21442
34,2025-02-21,2025-02-21 23:59:59.999,TRUMP,1d,17.088,15.897,17.39,15.67,2294399.1000000001,24295
35,2025-02-22,2025-02-22 23:59:59.999,TRUMP,1d,15.899,16.524,16.781,15.738,1148463.7,20836
36,2025-02-23,2025-02-23 23:59:59.999,TRUMP,1d,16.525,16.134,16.6,15.819,555914.5,9531
37,2025-02-24,2025-02-24 23:59:59.999,TRUMP,1d,16.134,12.928,16.299,12.241,3132354.6000000001,26752
38,2025-02-25,2025-02-25 23:59:59.999,TRUMP,1d,12.929,13.244,13.647,12.329,3531661.0,33121
39,2025-02-26,2025-02-26 23:59:59.999,TRUMP,1d,13.25,13.305,13.336,12.441,1613436.6000000001,17562
40,2025-02-27,2025-02-27 23:59:59.999,TRUMP,1d,13.288,12.59,13.636,12.34,1292524.7,15115
41,2025-02-28,2025-02-28 23:59:59.999,TRUMP,1d,12.59,12.955,13.529,11.076,6599233.0,46464
42,2025-03-01,2025-03-01 23:59:59.999,TRUMP,1d,12.955,13.165,14.497,12.666,3318662.3999999999,32946
43,2025-03-02,2025-03-02 23:59:59.999,TRUMP,1d,13.166,16.965,17.749,13.129,6962142.7000000002,65443
44,2025-03-03,2025-03-03 23:59:59.999,TRUMP,1d,16.954,12.817,17.007,12.375,5925758.7000000002,52511
45,2025-03-04,2025-03-04 23:59:59.999,TRUMP,1d,12.822,12.97,13.169,11.668,3560351.3999999999,33254
46,2025-03-05,2025-03-05 23:59:59.999,TRUMP,1d,12.978,13.218,13.683,12.668,1720920.1000000001,14159
47,2025-03-06,2025-03-06 23:59:59.999,TRUMP,1d,13.215,13.071,13.87,12.847,1410033.2,13577
48,2025-03-07,2025-03-07 23:59:59.999,TRUMP,1d,13.069,12.35,13.343,12.177,2899399.2000000002,21640
49,2025-03-08,2025-03-08 23:59:59.999,TRUMP,1d,12.349,12.022,12.421,11.711,665691.3,8742
50,2025-03-09,2025-03-09 23:59:59.999,TRUMP,1d,12.02,10.692,12.167,10.485,1378562.3,13323
51,2025-03-10,2025-03-10 23:59:59.999,TRUMP,1d,10.709,10.289,11.574,10.181,1299729.1000000001,11353
52,2025-03-11,2025-03-11 23:59:59.999,TRUMP,1d,10.31,10.488,10.882,9.5404,3074741.7000000002,16791
53,2025-03-12,2025-03-12 23:59:59.999,TRUMP,1d,10.503,10.565,10.855,10.037,1169158.3,8931
54,2025-03-13,2025-03-13 23:59:59.999,TRUMP,1d,10.562,10.717,12.412,10.271,6787794.2999999998,31677
55,2025-03-14,2025-03-14 23:59:59.999,TRUMP,1d,10.716,11.869,12.326,10.664,3369443.7999999998,32629
56,2025-03-15,2025-03-15 23:59:59.999,TRUMP,1d,11.872,12.171,12.449,11.816,1182585.8,17064
57,2025-03-16,2025-03-16 23:59:59.999,TRUMP,1d,12.189,11.201,12.192,11.035,1771862.2,17606
58,2025-03-17,2025-03-17 23:59:59.999,TRUMP,1d,11.215,11.409,11.628,11.128,1109279.1000000001,13921
59,2025-03-18,2025-03-18 23:59:59.999,TRUMP,1d,11.412,11.015,11.418,10.773,1334092.3,11054
60,2025-03-19,2025-03-19 23:59:59.999,TRUMP,1d,11.02,11.65,11.689,10.894,2157888.3999999999,16254
61,2025-03-20,2025-03-20 23:59:59.999,TRUMP,1d,11.648,11.045,11.77,10.978,1553798.0,15563
62,2025-03-21,2025-03-21 23:59:59.999,TRUMP,1d,11.043,10.85,11.155,10.645,1676018.5,24826
63,2025-03-22,2025-03-22 23:59:59.999,TRUMP,1d,10.851,10.742,11.2,10.661,1536973.1000000001,15589
64,2025-03-23,2025-03-23 23:59:59.999,TRUMP,1d,10.737,11.517,12.426,10.681,5661802.4000000004,45644
65,2025-03-24,2025-03-24 23:59:59.999,TRUMP,1d,11.513,11.884,12.056,11.363,3566903.7999999998,32206
66,2025-03-25,2025-03-25 23:59:59.999,TRUMP,1d,11.881,11.606,11.881,11.309,1708217.2,15220
67,2025-03-26,2025-03-26 23:59:59.999,TRUMP,1d,11.597,11.386,12.066,11.211,1566952.1000000001,16218
68,2025-03-27,2025-03-27 23:59:59.999,TRUMP,1d,11.389,11.099,11.659,11.016,598395.8,7326
69,2025-03-28,2025-03-28 23:59:59.999,TRUMP,1d,11.099,10.339,11.225,10.097,1533161.8999999999,14482
70,2025-03-29,2025-03-29 23:59:59.999,TRUMP,1d,10.337,10.071,10.438,9.837,1010445.7,11577
71,2025-03-30,2025-03-30 23:59:59.999,TRUMP,1d,10.068,10.206,10.359,9.9528,679718.4,11632
72,2025-03-31,2025-03-31 23:59:59.999,TRUMP,1d,10.21,10.01,10.296,9.872,1577020.2,19192
73,2025-04-01,2025-04-01 23:59:59.999,TRUMP,1d,10.007,10.392,10.463,9.941,1065702.3999999999,13018
74,2025-04-02,2025-04-02 23:59:59.999,TRUMP,1d,10.391,9.1481,10.657,8.9774,2180714.1000000001,19048
75,2025-04-03,2025-04-03 23:59:59.999,TRUMP,1d,9.1521,9.4546,9.4851,8.7346,1711757.2,13681
76,2025-04-04,2025-04-04 23:59:59.999,TRUMP,1d,9.4668,9.3455,9.6382,9.115,1743319.8,19478
77,2025-04-05,2025-04-05 23:59:59.999,TRUMP,1d,9.3435,9.2295,9.4607,9.062,1022521.1,9330
78,2025-04-06,2025-04-06 23:59:59.999,TRUMP,1d,9.231,7.9221,9.2698,7.7159,3856148.1000000001,28617
79,2025-04-07,2025-04-07 23:59:59.999,TRUMP,1d,7.9261,7.815,8.2691,7.145,3395042.7000000002,26696
80,2025-04-08,2025-04-08 23:59:59.999,TRUMP,1d,7.82,7.564,8.056,7.4356,2071853.7,19373
81,2025-04-09,2025-04-09 23:59:59.999,TRUMP,1d,7.564,8.166,8.3849,7.2105,3516336.7999999998,23535
82,2025-04-10,2025-04-10 23:59:59.999,TRUMP,1d,8.1686,7.911,8.2209,7.66,2497281.2999999998,19144
83,2025-04-11,2025-04-11 23:59:59.999,TRUMP,1d,7.911,8.056,8.1974,7.8785,2101821.5,9392
84,2025-04-12,2025-04-12 23:59:59.999,TRUMP,1d,8.0542,8.692,8.7856,7.9421,2430583.7999999998,21349
85,2025-04-13,2025-04-13 23:59:59.999,TRUMP,1d,8.693,8.261,8.7869,8.0454,1712567.2,15385
86,2025-04-14,2025-04-14 23:59:59.999,TRUMP,1d,8.2589,7.8698,8.501,7.845,1740699.8,9707
87,2025-04-15,2025-04-15 23:59:59.999,TRUMP,1d,7.872,7.8196,8.2295,7.7755,2871123.2999999998,22686
88,2025-04-16,2025-04-16 23:59:59.999,TRUMP,1d,7.8199,7.7155,8.0988,7.5722,4412762.9000000004,25825
89,2025-04-17,2025-04-17 23:59:59.999,TRUMP,1d,7.714,7.5553,7.8861,7.38,3111001.0,24493
90,2025-04-18,2025-04-18 23:59:59.999,TRUMP,1d,7.5538,7.7869,7.86,7.458,3915190.1000000001,31124
91,2025-04-19,2025-04-19 23:59:59.999,TRUMP,1d,7.783,8.4073,8.69,7.7517,6439455.0999999996,36281
92,2025-04-20,2025-04-20 23:59:59.999,TRUMP,1d,8.1017,8.1749,8.2058,8.0245,1172508.3999999999,9148
93,2025-04-21,2025-04-21 23:59:59.999,TRUMP,1d,8.1715,8.3187,8.5,8.135,1878335.2,16471
94,2025-04-22,2025-04-22 23:59:59.999,TRUMP,1d,8.3181,9.2264,9.2731,8.1481,3357689.8999999999,25648
95,2025-04-23,2025-04-23 23:59:59.999,TRUMP,1d,9.2319,13.304,17.263,9.1439,29447779.3000000007,208222
96,2025-04-24,2025-04-24 23:59:59.999,TRUMP,1d,13.295,12.217,13.588,11.602,13886715.5,123510
97,2025-04-25,2025-04-25 23:59:59.999,TRUMP,1d,12.217,13.35,14.407,11.792,7238060.0,80675
98,2025-04-26,2025-04-26 23:59:59.999,TRUMP,1d,13.354,15.619,16.439,13.232,11078126.5999999996,84318
99,2025-04-27,2025-04-27 23:59:59.999,TRUMP,1d,15.624,14.86,15.8,14.249,5940923.5999999996,56586
100,2025-04-28,2025-04-28 23:59:59.999,TRUMP,1d,14.863,14.661,15.643,14.139,6304345.9000000004,57927
101,2025-04-29,2025-04-29 23:59:59.999,TRUMP,1d,14.675,12.967,14.88,12.688,8319104.2000000002,66716
102,2025-04-30,2025-04-30 23:59:59.999,TRUMP,1d,12.966,13.156,13.464,12.011,4623079.5,48381
103,2025-05-01,2025-05-01 23:59:59.999,TRUMP,1d,13.16,12.738,13.496,12.56,3564752.1000000001,37941
104,2025-05-02,2025-05-02 23:59:59.999,TRUMP,1d,12.737,13.206,13.345,12.294,2892411.7000000002,31526
105,2025-05-03,2025-05-03 23:59:59.999,TRUMP,1d,13.208,11.309,13.307,10.32,5434884.4000000004,44128
106,2025-05-04,2025-05-04 23:59:59.999,TRUMP,1d,11.296,10.95,11.459,10.767,2952352.0,37832
107,2025-05-05,2025-05-05 23:59:59.999,TRUMP,1d,10.952,11.164,11.668,10.768,1960649.8999999999,31237
108,2025-05-06,2025-05-06 23:59:59.999,TRUMP,1d,11.163,11.045,11.231,10.384,1958264.5,19153
109,2025-05-07,2025-05-07 23:59:59.999,TRUMP,1d,11.044,10.98,11.228,10.654,1685148.3999999999,17378
110,2025-05-08,2025-05-08 23:59:59.999,TRUMP,1d,10.98,12.589,12.744,10.958,4844727.9000000004,46569
111,2025-05-09,2025-05-09 23:59:59.999,TRUMP,1d,12.584,14.264,14.911,12.417,9147697.5999999996,80705
112,2025-05-10,2025-05-10 23:59:59.999,TRUMP,1d,14.265,14.997,15.234,13.744,5267507.5,47343
113,2025-05-11,2025-05-11 23:59:59.999,TRUMP,1d,14.997,13.741,15.333,13.362,5863842.2000000002,51232
114,2025-05-12,2025-05-12 23:59:59.999,TRUMP,1d,13.743,13.075,14.71,12.152,11124855.4000000004,70146
115,2025-05-13,2025-05-13 23:59:59.999,TRUMP,1d,13.079,13.775,13.869,12.284,6849982.0999999996,47473
116,2025-05-14,2025-05-14 23:59:59.999,TRUMP,1d,13.776,13.367,14.013,12.933,3100242.7000000002,31021
117,2025-05-15,2025-05-15 23:59:59.999,TRUMP,1d,13.372,12.767,13.582,12.326,2196409.8999999999,22139
118,2025-05-16,2025-05-16 23:59:59.999,TRUMP,1d,12.77,12.639,13.144,12.463,1412118.8,17465
119,2025-05-17,2025-05-17 23:59:59.999,TRUMP,1d,12.623,12.643,13.297,12.21,1485940.6000000001,19981
120,2025-05-18,2025-05-18 23:59:59.999,TRUMP,1d,12.642,13.248,13.582,12.606,1977922.2,25471
121,2025-05-19,2025-05-19 23:59:59.999,TRUMP,1d,13.251,12.864,13.353,12.31,909383.3,14722
122,2025-05-20,2025-05-20 23:59:59.999,TRUMP,1d,12.865,14.428,14.69,12.706,3088502.2000000002,25524
123,2025-05-21,2025-05-21 23:59:59.999,TRUMP,1d,14.461,14.403,15.23,13.898,7058239.7999999998,58172
124,2025-05-22,2025-05-22 23:59:59.999,TRUMP,1d,14.395,14.744,16.159,13.984,8134073.5999999996,58231
125,2025-05-23,2025-05-23 23:59:59.999,TRUMP,1d,14.744,12.532,14.744,12.403,6208862.5999999996,47391
126,2025-05-24,2025-05-24 23:59:59.999,TRUMP,1d,12.524,12.917,13.141,12.439,1841703.1000000001,16041
127,2025-05-25,2025-05-25 23:59:59.999,TRUMP,1d,12.915,12.808,12.926,12.267,1286075.7,17932
128,2025-05-26,2025-05-26 23:59:59.999,TRUMP,1d,12.812,12.717,13.233,12.536,1297203.3,12514
129,2025-05-27,2025-05-27 23:59:59.999,TRUMP,1d,12.717,12.776,13.055,12.364,1058368.7,11536
130,2025-05-28,2025-05-28 23:59:59.999,TRUMP,1d,12.776,12.472,12.897,12.055,1012697.6,10278
131,2025-05-29,2025-05-29 23:59:59.999,TRUMP,1d,12.473,11.928,12.744,11.842,1355511.7,12303
132,2025-05-30,2025-05-30 23:59:59.999,TRUMP,1d,11.935,10.818,11.998,10.663,3560010.2000000002,21552
133,2025-05-31,2025-05-31 23:59:59.999,TRUMP,1d,10.819,11.234,11.377,10.402,4136679.2000000002,28241
134,2025-06-01,2025-06-01 23:59:59.999,TRUMP,1d,11.234,11.376,11.392,10.936,929206.1,11300
135,2025-06-02,2025-06-02 23:59:59.999,TRUMP,1d,11.376,11.312,11.393,11.025,534664.5,7403
136,2025-06-03,2025-06-03 23:59:59.999,TRUMP,1d,11.311,11.173,11.873,11.074,3549831.1000000001,25851
137,2025-06-04,2025-06-04 23:59:59.999,TRUMP,1d,11.174,10.781,11.238,10.728,986279.9,8598
138,2025-06-05,2025-06-05 23:59:59.999,TRUMP,1d,10.776,9.713,10.98,8.59,10245455.8000000007,50744
139,2025-06-06,2025-06-06 23:59:59.999,TRUMP,1d,9.713,10.094,10.838,9.6027,6602309.9000000004,49061
140,2025-06-07,2025-06-07 23:59:59.999,TRUMP,1d,10.101,10.376,10.542,10.026,1218594.8999999999,15751
141,2025-06-08,2025-06-08 23:59:59.999,TRUMP,1d,10.373,10.397,10.548,10.181,473262.4,9534
142,2025-06-09,2025-06-09 23:59:59.999,TRUMP,1d,10.397,10.85,10.881,10.251,2420972.5,15612
143,2025-06-10,2025-06-10 23:59:59.999,TRUMP,1d,10.85,10.968,11.036,10.594,1071259.3,16681
144,2025-06-11,2025-06-11 23:59:59.999,TRUMP,1d,10.965,10.704,11.146,10.541,1338365.5,16739
145,2025-06-12,2025-06-12 23:59:59.999,TRUMP,1d,10.702,10.133,10.721,9.8896,988301.8,10610
146,2025-06-13,2025-06-13 23:59:59.999,TRUMP,1d,10.118,10.218,10.277,9.6774,2058383.8,21855
147,2025-06-14,2025-06-14 23:59:59.999,TRUMP,1d,10.212,10.021,10.696,9.8681,2091682.2,15214
148,2025-06-15,2025-06-15 23:59:59.999,TRUMP,1d,10.022,9.9641,10.106,9.8172,1098656.8,8504
149,2025-06-16,2025-06-16 23:59:59.999,TRUMP,1d,9.964,9.643,10.181,9.5961,1685362.3,13053
150,2025-06-17,2025-06-17 23:59:59.999,TRUMP,1d,9.6463,9.515,9.8303,9.3176,1340859.3999999999,13252
151,2025-06-18,2025-06-18 23:59:59.999,TRUMP,1d,9.517,9.3779,9.5936,9.0946,778925.9,15635
152,2025-06-19,2025-06-19 23:59:59.999,TRUMP,1d,9.3779,9.353,9.4453,9.1916,387753.5,8915
153,2025-06-20,2025-06-20 23:59:59.999,TRUMP,1d,9.3555,9.1798,9.4498,8.9107,705090.8,11036
154,2025-06-21,2025-06-21 23:59:59.999,TRUMP,1d,9.1838,8.9676,9.3565,8.5935,819826.3,13251
155,2025-06-22,2025-06-22 23:59:59.999,TRUMP,1d,8.9687,8.7315,9.0451,8.296,1054723.8,14363
156,2025-06-23,2025-06-23 23:59:59.999,TRUMP,1d,8.7265,9.288,9.3234,8.4993,1370081.3999999999,13665
157,2025-06-24,2025-06-24 23:59:59.999,TRUMP,1d,9.286,9.293,9.4945,9.1426,738779.9,10550
158,2025-06-25,2025-06-25 23:59:59.999,TRUMP,1d,9.2941,8.9331,9.3153,8.8775,576318.2,7787
159,2025-06-26,2025-06-26 23:59:59.999,TRUMP,1d,8.9328,8.9571,9.0881,8.7564,900832.3,9705
160,2025-06-27,2025-06-27 23:59:59.999,TRUMP,1d,8.9571,9.0025,9.0568,8.8369,419389.8,6474
161,2025-06-28,2025-06-28 23:59:59.999,TRUMP,1d,9.0067,9.112,9.1223,8.9511,519094.2,7846
162,2025-06-29,2025-06-29 23:59:59.999,TRUMP,1d,9.112,9.2379,9.3,8.9936,409616.3,6210
163,2025-06-30,2025-06-30 23:59:59.999,TRUMP,1d,9.2445,8.8879,9.2466,8.8139,757237.7,8649
164,2025-07-01,2025-07-01 23:59:59.999,TRUMP,1d,8.8878,8.5812,9.0052,8.5125,981316.1,10477
165,2025-07-02,2025-07-02 23:59:59.999,TRUMP,1d,8.5813,8.8205,8.9759,8.5042,1355935.3999999999,11270
166,2025-07-03,2025-07-03 23:59:59.999,TRUMP,1d,8.8265,8.9182,9.0502,8.8072,968537.0,10585
167,2025-07-04,2025-07-04 23:59:59.999,TRUMP,1d,8.9175,8.4956,8.9222,8.4444,790211.6,12540
168,2025-07-05,2025-07-05 23:59:59.999,TRUMP,1d,8.4962,8.5287,8.6294,8.4282,426036.5,9447
169,2025-07-06,2025-07-06 23:59:59.999,TRUMP,1d,8.5296,8.6216,8.7151,8.459,533605.6,8413
170,2025-07-07,2025-07-07 23:59:59.999,TRUMP,1d,8.6216,8.5741,8.7039,8.5131,1086694.6000000001,10033
171,2025-07-08,2025-07-08 23:59:59.999,TRUMP,1d,8.5741,8.6138,8.6734,8.4477,867584.2,8629
172,2025-07-09,2025-07-09 23:59:59.999,TRUMP,1d,8.6149,9.0597,9.0928,8.5647,2545431.7999999998,19735
173,2025-07-10,2025-07-10 23:59:59.999,TRUMP,1d,9.0597,9.8063,9.8472,8.981,3104581.1000000001,32024
174,2025-07-11,2025-07-11 23:59:59.999,TRUMP,1d,9.8044,9.9328,10.433,9.6644,3401950.2999999998,33770
175,2025-07-12,2025-07-12 23:59:59.999,TRUMP,1d,9.9289,9.6058,9.9918,9.373,1618206.8999999999,13807
176,2025-07-13,2025-07-13 23:59:59.999,TRUMP,1d,9.5922,9.5381,9.8939,9.4678,1506454.5,13646
177,2025-07-14,2025-07-14 23:59:59.999,TRUMP,1d,9.5387,9.437,9.962,9.2431,2494591.2999999998,17575
178,2025-07-15,2025-07-15 23:59:59.999,TRUMP,1d,9.437,9.4952,9.5275,9.0041,1751643.3999999999,13469
179,2025-07-16,2025-07-16 23:59:59.999,TRUMP,1d,9.4948,9.8681,10.473,9.357,4797641.0,31470
180,2025-07-17,2025-07-17 23:59:59.999,TRUMP,1d,9.8688,10.0,10.253,9.6076,2704865.6000000001,20593
181,2025-07-18,2025-07-18 23:59:59.999,TRUMP,1d,10.0,10.001,10.937,9.7872,3960537.2999999998,28586
182,2025-07-19,2025-07-19 23:59:59.999,TRUMP,1d,10.006,10.154,10.241,9.7559,787651.2,12626
183,2025-07-20,2025-07-20 23:59:59.999,TRUMP,1d,10.164,10.752,10.919,10.1,1917770.8,39441
184,2025-07-21,2025-07-21 23:59:59.999,TRUMP,1d,10.747,11.228,11.938,10.461,4836421.9000000004,37309
185,2025-07-22,2025-07-22 23:59:59.999,TRUMP,1d,11.227,11.166,11.348,10.561,2707344.8999999999,19440
186,2025-07-23,2025-07-23 23:59:59.999,TRUMP,1d,11.165,10.133,11.165,9.8132,3465111.7000000002,20043
187,2025-07-24,2025-07-24 23:59:59.999,TRUMP,1d,10.121,9.9907,10.25,9.5004,1539022.3,19761
188,2025-07-25,2025-07-25 23:59:59.999,TRUMP,1d,10.0,10.133,10.141,9.6455,1938035.3999999999,23745
189,2025-07-26,2025-07-26 23:59:59.999,TRUMP,1d,10.136,10.156,10.297,9.9832,2722153.7000000002,13226
190,2025-07-27,2025-07-27 23:59:59.999,TRUMP,1d,10.158,10.32,10.429,10.043,1731202.2,16112
191,2025-07-28,2025-07-28 23:59:59.999,TRUMP,1d,10.323,9.727,10.53,9.3235,2973465.7999999998,26571
192,2025-07-29,2025-07-29 23:59:59.999,TRUMP,1d,9.7244,9.4994,9.8198,9.315,1178362.8,18689
193,2025-07-30,2025-07-30 23:59:59.999,TRUMP,1d,9.5007,9.3037,9.527,8.528,1204663.2,14878
194,2025-07-31,2025-07-31 23:59:59.999,TRUMP,1d,9.3028,8.9417,9.4586,8.9095,771786.5,13423
195,2025-08-01,2025-08-01 23:59:59.999,TRUMP,1d,8.9425,8.7081,8.9625,8.4932,2287134.2999999998,30465
196,2025-08-02,2025-08-02 23:59:59.999,TRUMP,1d,8.7077,8.6087,8.8211,8.4327,997916.0,12811
197,2025-08-03,2025-08-03 23:59:59.999,TRUMP,1d,8.6093,8.8131,8.8528,8.501,437130.2,6884
198,2025-08-04,2025-08-04 23:59:59.999,TRUMP,1d,8.8131,9.0436,9.0436,8.8031,459536.3,6427
199,2025-08-05,2025-08-05 23:59:59.999,TRUMP,1d,9.0407,8.6841,9.0547,8.5418,655059.0,9856
200,2025-08-06,2025-08-06 23:59:59.999,TRUMP,1d,8.6828,8.8503,8.8999,8.5829,508137.0,6217
201,2025-08-07,2025-08-07 23:59:59.999,TRUMP,1d,8.8506,9.2386,9.2412,8.7951,1369907.1000000001,13328
202,2025-08-08,2025-08-08 23:59:59.999,TRUMP,1d,9.2411,9.3865,9.44,9.1085,795133.3,10394
203,2025-08-09,2025-08-09 23:59:59.999,TRUMP,1d,9.3935,9.5138,9.6733,9.3728,843452.2,9502
204,2025-08-10,2025-08-10 23:59:59.999,TRUMP,1d,9.5142,9.2646,9.6809,9.1482,1083569.7,9688
205,2025-08-11,2025-08-11 23:59:59.999,TRUMP,1d,9.2638,8.7843,9.5271,8.7269,1668279.8999999999,18411
206,2025-08-12,2025-08-12 23:59:59.999,TRUMP,1d,8.7816,9.219,9.3463,8.683,1430613.8,10172
207,2025-08-13,2025-08-13 23:59:59.999,TRUMP,1d,9.2259,9.6358,9.7376,9.1117,2833725.8999999999,22703
208,2025-08-14,2025-08-14 23:59:59.999,TRUMP,1d,9.64,9.0843,10.221,8.7633,5050978.0,26649
209,2025-08-15,2025-08-15 23:59:59.999,TRUMP,1d,9.0815,9.2486,9.6471,8.8418,2956092.2000000002,21130
210,2025-08-16,2025-08-16 23:59:59.999,TRUMP,1d,9.2436,9.1094,9.3272,9.0134,721133.4,8051
211,2025-08-17,2025-08-17 23:59:59.999,TRUMP,1d,9.1129,9.2341,9.5494,9.0586,799554.9,7615
212,2025-08-18,2025-08-18 23:59:59.999,TRUMP,1d,9.2344,9.0667,9.2522,8.8782,1106569.8999999999,9325
213,2025-08-19,2025-08-19 23:59:59.999,TRUMP,1d,9.0685,8.6035,9.1265,8.5864,1184199.2,8615
214,2025-08-20,2025-08-20 23:59:59.999,TRUMP,1d,8.6034,8.9057,8.9399,8.561,969649.7,7876
215,2025-08-21,2025-08-21 23:59:59.999,TRUMP,1d,8.905,8.4025,8.9433,8.3036,1033683.6,8936
216,2025-08-22,2025-08-22 23:59:59.999,TRUMP,1d,8.4005,9.0068,9.0295,8.2101,1862477.7,14393
217,2025-08-23,2025-08-23 23:59:59.999,TRUMP,1d,9.0067,8.9077,9.0178,8.6947,524946.6,7181
218,2025-08-24,2025-08-24 23:59:59.999,TRUMP,1d,8.9085,8.6719,8.9473,8.5384,878655.3,8408
219,2025-08-25,2025-08-25 23:59:59.999,TRUMP,1d,8.6722,8.1679,8.7642,8.013,1301532.3,12180
220,2025-08-26,2025-08-26 23:59:59.999,TRUMP,1d,8.1678,8.4437,8.5179,8.0997,1043500.8,10213
221,2025-08-27,2025-08-27 23:59:59.999,TRUMP,1d,8.4439,8.4063,8.4997,8.3502,787528.3,7488
222,2025-08-28,2025-08-28 23:59:59.999,TRUMP,1d,8.4092,8.5658,8.6767,8.3438,602261.7,7488
223,2025-08-29,2025-08-29 23:59:59.999,TRUMP,1d,8.5653,8.3522,8.5974,8.2002,1439635.8,12457
224,2025-08-30,2025-08-30 23:59:59.999,TRUMP,1d,8.358,8.3637,8.4109,8.221,394966.8,4394
225,2025-08-31,2025-08-31 23:59:59.999,TRUMP,1d,8.3639,8.6218,8.9382,8.3635,2123095.5,14774
226,2025-09-01,2025-09-01 23:59:59.999,TRUMP,1d,8.6262,8.3363,9.2313,8.2146,6797656.7999999998,35427
227,2025-09-02,2025-09-02 23:59:59.999,TRUMP,1d,8.3368,8.3919,8.4745,8.2335,1467578.8999999999,11543
228,2025-09-03,2025-09-03 23:59:59.999,TRUMP,1d,8.397,8.4345,8.4674,8.3576,663595.7,10442
229,2025-09-04,2025-09-04 23:59:59.999,TRUMP,1d,8.4379,8.2828,8.4533,8.148,1018414.9,11238
230,2025-09-05,2025-09-05 23:59:59.999,TRUMP,1d,8.2817,8.3597,8.4472,8.2562,420238.9,5121
231,2025-09-06,2025-09-06 23:59:59.999,TRUMP,1d,8.3597,8.3516,8.3842,8.283,208421.6,3288
232,2025-09-07,2025-09-07 23:59:59.999,TRUMP,1d,8.3527,8.4847,8.5239,8.347,135626.2,2938
233,2025-09-08,2025-09-08 23:59:59.999,TRUMP,1d,8.4926,8.6222,8.6809,8.4442,1001813.8,8545
234,2025-09-09,2025-09-09 23:59:59.999,TRUMP,1d,8.6221,8.6804,8.8694,8.5361,883249.0,8669
235,2025-09-10,2025-09-10 23:59:59.999,TRUMP,1d,8.6804,8.8224,8.8959,8.6193,433339.0,5653
236,2025-09-11,2025-09-11 23:59:59.999,TRUMP,1d,8.8225,8.8298,8.856,8.6374,442263.7,4779
237,2025-09-12,2025-09-12 23:59:59.999,TRUMP,1d,8.8287,8.9899,9.0474,8.7796,605985.9,5944
238,2025-09-13,2025-09-13 23:59:59.999,TRUMP,1d,8.992,9.2492,9.5351,8.9495,1739623.7,9586
239,2025-09-14,2025-09-14 23:59:59.999,TRUMP,1d,9.2467,8.7399,9.2521,8.6475,613942.4,6950
240,2025-09-15,2025-09-15 23:59:59.999,TRUMP,1d,8.7391,8.5286,8.8286,8.3874,794752.5,8262
241,2025-09-16,2025-09-16 23:59:59.999,TRUMP,1d,8.5272,8.5979,8.6457,8.4284,324555.0,5486
242,2025-09-17,2025-09-17 23:59:59.999,TRUMP,1d,8.5978,8.6991,8.7531,8.4473,488421.8,5984
243,2025-09-18,2025-09-18 23:59:59.999,TRUMP,1d,8.6995,8.668,8.7665,8.6171,355639.8,6816
244,2025-09-19,2025-09-19 23:59:59.999,TRUMP,1d,8.6659,8.4082,8.7064,8.344,573368.0,6217
245,2025-09-20,2025-09-20 23:59:59.999,TRUMP,1d,8.4083,8.4447,8.506,8.3499,1327544.8999999999,10361
246,2025-09-21,2025-09-21 23:59:59.999,TRUMP,1d,8.4439,8.3588,8.4678,8.3244,534847.5,7564
247,2025-09-22,2025-09-22 23:59:59.999,TRUMP,1d,8.3573,7.674,8.393,6.8454,1795667.7,15227
248,2025-09-23,2025-09-23 23:59:59.999,TRUMP,1d,7.6724,7.6221,7.7366,7.5423,355070.9,5783
249,2025-09-24,2025-09-24 23:59:59.999,TRUMP,1d,7.624,7.6975,7.774,7.49,302168.9,6179
250,2025-09-25,2025-09-25 23:59:59.999,TRUMP,1d,7.699,7.4052,7.7045,7.3079,880661.6,8826
251,2025-09-26,2025-09-26 23:59:59.999,TRUMP,1d,7.4089,7.5829,7.6049,7.3919,410413.4,6084
252,2025-09-27,2025-09-27 23:59:59.999,TRUMP,1d,7.582,7.5581,7.6196,7.4814,226493.3,4211
253,2025-09-28,2025-09-28 23:59:59.999,TRUMP,1d,7.5602,7.6471,7.6635,7.4187,299070.9,4406
254,2025-09-29,2025-09-29 23:59:59.999,TRUMP,1d,7.6509,7.5733,7.6554,7.4877,285936.6,6214
255,2025-09-30,2025-09-30 23:59:59.999,TRUMP,1d,7.574,7.3728,7.5786,7.2154,409242.9,6439
256,2025-10-01,2025-10-01 23:59:59.999,TRUMP,1d,7.3746,7.5864,7.5894,7.3179,507441.9,8328
257,2025-10-02,2025-10-02 23:59:59.999,TRUMP,1d,7.5845,7.8318,7.8455,7.5674,626319.4,7083
258,2025-10-03,2025-10-03 23:59:59.999,TRUMP,1d,7.8341,7.8631,7.914,7.6783,427215.7,5613
259,2025-10-04,2025-10-04 23:59:59.999,TRUMP,1d,7.8624,7.7584,7.897,7.6295,377563.7,7777
260,2025-10-05,2025-10-05 23:59:59.999,TRUMP,1d,7.7573,7.7865,7.9822,7.6956,591818.1,11213
261,2025-10-06,2025-10-06 23:59:59.999,TRUMP,1d,7.7831,7.9627,8.0398,7.7264,348973.8,6459
262,2025-10-07,2025-10-07 23:59:59.999,TRUMP,1d,7.9581,7.5177,7.9956,7.5027,690274.1,7645
263,2025-10-08,2025-10-08 23:59:59.999,TRUMP,1d,7.5142,7.7302,7.9458,7.4861,3773291.2000000002,20933
264,2025-10-09,2025-10-09 23:59:59.999,TRUMP,1d,7.7304,7.5313,7.8659,7.3873,1287034.7,12351
265,2025-10-10,2025-10-10 23:59:59.999,TRUMP,1d,7.531,5.3416,7.598,1.3114,5940730.2999999998,25590
266,2025-10-11,2025-10-11 23:59:59.999,TRUMP,1d,5.3505,5.8497,6.1776,5.1227,2264464.0,15466
267,2025-10-12,2025-10-12 23:59:59.999,TRUMP,1d,5.8548,6.1905,6.2857,5.7475,1641596.5,11105
268,2025-10-13,2025-10-13 23:59:59.999,TRUMP,1d,6.1909,6.544,6.629,6.1586,1166779.2,7727
269,2025-10-14,2025-10-14 23:59:59.999,TRUMP,1d,6.5448,6.2835,6.5546,6.0179,851944.1,7033
270,2025-10-15,2025-10-15 23:59:59.999,TRUMP,1d,6.2852,6.0546,6.389,5.9691,541000.7,4882
271,2025-10-16,2025-10-16 23:59:59.999,TRUMP,1d,6.061,5.9345,6.1399,5.8645,1124451.6000000001,6384
272,2025-10-17,2025-10-17 23:59:59.999,TRUMP,1d,5.9402,5.7532,5.9899,5.5905,1295772.0,6819
273,2025-10-18,2025-10-18 23:59:59.999,TRUMP,1d,5.7531,5.8727,5.939,5.7316,476758.8,4083
274,2025-10-19,2025-10-19 23:59:59.999,TRUMP,1d,5.8719,5.9482,5.9914,5.8036,321253.7,5156
275,2025-10-20,2025-10-20 23:59:59.999,TRUMP,1d,5.9441,5.9733,6.0512,5.8755,486883.2,4813
276,2025-10-21,2025-10-21 23:59:59.999,TRUMP,1d,5.9738,5.8654,6.1823,5.8141,528200.7,5136
277,2025-10-22,2025-10-22 23:59:59.999,TRUMP,1d,5.864,5.7066,5.8996,5.5604,777884.1,7189
278,2025-10-23,2025-10-23 23:59:59.999,TRUMP,1d,5.7083,5.8548,6.0182,5.7047,335479.1,3745
279,2025-10-24,2025-10-24 23:59:59.999,TRUMP,1d,5.8583,5.9547,5.9665,5.8324,415790.3,4898
280,2025-10-25,2025-10-25 23:59:59.999,TRUMP,1d,5.9551,5.9861,6.0207,5.9002,122590.4,3654
281,2025-10-26,2025-10-26 23:59:59.999,TRUMP,1d,5.9861,6.2688,6.3067,5.9357,671810.5,8044
282,2025-10-27,2025-10-27 23:59:59.999,TRUMP,1d,6.2707,7.1311,8.08,6.1701,12672725.9000000004,53954
283,2025-10-28,2025-10-28 23:59:59.999,TRUMP,1d,7.1341,7.1898,7.7524,6.6934,23638049.5,97148
284,2025-10-29,2025-10-29 23:59:59.999,TRUMP,1d,7.1894,8.27,8.5821,7.133,27823436.5,160198
285,2025-10-30,2025-10-30 23:59:59.999,TRUMP,1d,8.268,7.5348,8.7018,7.0994,27885524.3999999985,129311
286,2025-10-31,2025-10-31 23:59:59.999,TRUMP,1d,7.5267,8.0023,8.3393,7.4995,11845008.3000000007,53708
287,2025-11-01,2025-11-01 23:59:59.999,TRUMP,1d,7.9947,7.7402,8.4639,7.5182,4528287.2999999998,23075
288,2025-11-02,2025-11-02 23:59:59.999,TRUMP,1d,7.7398,7.5411,7.7526,7.4749,2670296.8999999999,21486
289,2025-11-03,2025-11-03 23:59:59.999,TRUMP,1d,7.542,7.2694,7.9738,7.0595,10137675.3000000007,46946
290,2025-11-04,2025-11-04 23:59:59.999,TRUMP,1d,7.2693,6.9382,7.5242,6.8928,7288235.9000000004,36995
291,2025-11-05,2025-11-05 23:59:59.999,TRUMP,1d,6.9441,8.0832,8.1396,6.7843,4129746.8999999999,24275
292,2025-11-06,2025-11-06 23:59:59.999,TRUMP,1d,8.0831,7.5962,8.382,7.5691,6114175.2999999998,34753
293,2025-11-07,2025-11-07 23:59:59.999,TRUMP,1d,7.5973,7.7287,7.9748,7.3,4342241.2999999998,23294
294,2025-11-08,2025-11-08 23:59:59.999,TRUMP,1d,7.7336,7.4984,7.9373,7.3679,2650983.0,15386
295,2025-11-09,2025-11-09 23:59:59.999,TRUMP,1d,7.4986,7.6969,7.9128,7.3964,1547925.0,10743
296,2025-11-10,2025-11-10 23:59:59.999,TRUMP,1d,7.6961,8.8793,9.5849,7.6483,11455609.5999999996,76462
297,2025-11-11,2025-11-11 23:59:59.999,TRUMP,1d,8.8838,7.8779,8.9512,7.8475,7324071.5,41390
298,2025-11-12,2025-11-12 23:59:59.999,TRUMP,1d,7.8805,7.4743,7.9268,7.3427,3819703.6000000001,23932
299,2025-11-13,2025-11-13 23:59:59.999,TRUMP,1d,7.4761,7.2425,7.7674,7.0834,2778089.3999999999,21282
300,2025-11-14,2025-11-14 23:59:59.999,TRUMP,1d,7.2408,7.1838,7.4,6.9304,2738802.7999999998,20157
301,2025-11-15,2025-11-15 23:59:59.999,TRUMP,1d,7.1823,7.2064,7.3586,7.1243,557899.5,9782
302,2025-11-16,2025-11-16 23:59:59.999,TRUMP,1d,7.2056,7.0605,7.2223,6.9287,1024472.0,12436
303,2025-11-17,2025-11-17 23:59:59.999,TRUMP,1d,7.06,6.9204,7.2342,6.735,2298952.7999999998,14995
304,2025-11-18,2025-11-18 23:59:59.999,TRUMP,1d,6.9146,7.1371,7.1472,6.7799,669882.3,6742
305,2025-11-19,2025-11-19 23:59:59.999,TRUMP,1d,7.1365,6.8668,7.1399,6.6,862204.1,8695
306,2025-11-20,2025-11-20 23:59:59.999,TRUMP,1d,6.8665,6.65,6.9555,6.5425,933111.0,8831
307,2025-11-21,2025-11-21 23:59:59.999,TRUMP,1d,6.6594,6.2648,6.7332,5.3997,3238012.7999999998,19439
308,2025-11-22,2025-11-22 23:59:59.999,TRUMP,1d,6.2626,6.2884,6.4001,6.2062,1574101.8999999999,9345
309,2025-11-23,2025-11-23 23:59:59.999,TRUMP,1d,6.289,6.2616,6.4362,6.2491,254149.8,4854
310,2025-11-24,2025-11-24 23:59:59.999,TRUMP,1d,6.2596,6.3665,6.4297,6.1743,1270409.8,12876
311,2025-11-25,2025-11-25 23:59:59.999,TRUMP,1d,6.3665,6.226,6.3675,6.1271,746321.7,9589
312,2025-11-26,2025-11-26 23:59:59.999,TRUMP,1d,6.2256,6.2862,6.3048,6.105,346142.4,5836
313,2025-11-27,2025-11-27 23:59:59.999,TRUMP,1d,6.2818,6.137,6.3158,6.1282,278281.7,4504
314,2025-11-28,2025-11-28 23:59:59.999,TRUMP,1d,6.1374,6.0381,6.1682,5.9705,335964.3,4617
315,2025-11-29,2025-11-29 23:59:59.999,TRUMP,1d,6.0376,6.0204,6.1133,5.9917,214223.3,3671
316,2025-11-30,2025-11-30 23:59:59.999,TRUMP,1d,6.0222,5.998,6.14,5.9771,329621.6,4638
317,2025-12-01,2025-12-01 23:59:59.999,TRUMP,1d,5.9955,5.7238,6.0091,5.6055,1316716.8999999999,9035
318,2025-12-02,2025-12-02 23:59:59.999,TRUMP,1d,5.7217,5.9874,6.06,5.6892,485756.4,6844
319,2025-12-03,2025-12-03 23:59:59.999,TRUMP,1d,5.9903,6.0609,6.1177,5.9599,291135.3,5022
320,2025-12-04,2025-12-04 23:59:59.999,TRUMP,1d,6.0652,5.922,6.1203,5.9141,245532.1,3715
321,2025-12-05,2025-12-05 23:59:59.999,TRUMP,1d,5.9224,5.7318,5.9918,5.6709,562647.7,7749
322,2025-12-06,2025-12-06 23:59:59.999,TRUMP,1d,5.7321,5.7177,5.7699,5.6838,143872.3,3633
323,2025-12-07,2025-12-07 23:59:59.999,TRUMP,1d,5.7185,5.6568,5.7619,5.521,281826.7,4142
324,2025-12-08,2025-12-08 23:59:59.999,TRUMP,1d,5.6546,5.6858,5.7607,5.6435,331943.5,3882
325,2025-12-09,2025-12-09 23:59:59.999,TRUMP,1d,5.6842,5.9346,6.1007,5.6302,987852.5,8002
326,2025-12-10,2025-12-10 23:59:59.999,TRUMP,1d,5.9347,5.7304,5.965,5.7117,643015.7,6207
327,2025-12-11,2025-12-11 23:59:59.999,TRUMP,1d,5.7297,5.6822,5.7348,5.5952,282272.2,4044
328,2025-12-12,2025-12-12 23:59:59.999,TRUMP,1d,5.6829,5.6076,5.7071,5.5427,179988.7,4244
329,2025-12-13,2025-12-13 23:59:59.999,TRUMP,1d,5.6097,5.5499,5.6258,5.5319,94688.2,3371
330,2025-12-14,2025-12-14 23:59:59.999,TRUMP,1d,5.5512,5.412,5.5618,5.3515,334400.0,4851
331,2025-12-15,2025-12-15 23:59:59.999,TRUMP,1d,5.4145,5.3238,5.511,5.2259,343476.5,4788
332,2025-12-16,2025-12-16 23:59:59.999,TRUMP,1d,5.3253,5.2908,5.3327,5.1726,526210.1,6855
333,2025-12-17,2025-12-17 23:59:59.999,TRUMP,1d,5.291,5.126,5.3439,5.0843,434395.5,5166
334,2025-12-18,2025-12-18 23:59:59.999,TRUMP,1d,5.1281,5.011,5.1908,4.9562,849755.4,7768
335,2025-12-19,2025-12-19 23:59:59.999,TRUMP,1d,5.0117,5.1559,5.1677,4.9834,375939.5,4781
336,2025-12-20,2025-12-20 23:59:59.999,TRUMP,1d,5.1545,5.089,5.1756,5.0741,135213.7,2932
337,2025-12-21,2025-12-21 23:59:59.999,TRUMP,1d,5.0865,5.0664,5.1493,4.9962,107579.6,3240
338,2025-12-22,2025-12-22 23:59:59.999,TRUMP,1d,5.0664,4.9747,5.1213,4.9342,649478.2,5722
339,2025-12-23,2025-12-23 23:59:59.999,TRUMP,1d,4.9759,4.9464,4.9921,4.8893,382720.3,7644
340,2025-12-24,2025-12-24 23:59:59.999,TRUMP,1d,4.9465,4.9143,4.9575,4.7773,365217.4,4776
341,2025-12-25,2025-12-25 23:59:59.999,TRUMP,1d,4.9173,4.8704,4.9822,4.8548,159955.8,3301
342,2025-12-26,2025-12-26 23:59:59.999,TRUMP,1d,4.8693,4.8931,4.9743,4.8473,346717.5,4379
343,2025-12-27,2025-12-27 23:59:59.999,TRUMP,1d,4.8962,4.961,4.9759,4.874,162451.4,3462
344,2025-12-28,2025-12-28 23:59:59.999,TRUMP,1d,4.9614,4.919,5.0056,4.8785,262465.3,4137
345,2025-12-29,2025-12-29 23:59:59.999,TRUMP,1d,4.925,4.9121,5.0411,4.8984,273266.4,4819
346,2025-12-30,2025-12-30 23:59:59.999,TRUMP,1d,4.9121,4.9055,4.9661,4.8739,253917.2,3835
347,2025-12-31,2025-12-31 23:59:59.999,TRUMP,1d,4.9052,4.7944,4.9687,4.781,1145897.3999999999,7862
348,2026-01-01,2026-01-01 23:59:59.999,TRUMP,1d,4.7945,4.8865,4.9157,4.6874,1570067.2,9611
349,2026-01-02,2026-01-02 23:59:59.999,TRUMP,1d,4.888,5.0471,5.0655,4.8306,768158.9,5921
350,2026-01-03,2026-01-03 23:59:59.999,TRUMP,1d,5.0485,5.2616,5.6322,4.9476,3000323.8999999999,15769
351,2026-01-04,2026-01-04 23:59:59.999,TRUMP,1d,5.2602,5.4136,5.5085,5.2551,2747430.6000000001,15202
352,2026-01-05,2026-01-05 23:59:59.999,TRUMP,1d,5.4122,5.6188,5.6856,5.3606,2491029.2000000002,13703
353,2026-01-06,2026-01-06 23:59:59.999,TRUMP,1d,5.6178,5.4781,5.6487,5.2984,1912481.5,13158
354,2026-01-07,2026-01-07 23:59:59.999,TRUMP,1d,5.4777,5.3589,5.5379,5.3114,488024.1,5876
355,2026-01-08,2026-01-08 23:59:59.999,TRUMP,1d,5.3605,5.3549,5.4315,5.2418,678238.9,5845
356,2026-01-09,2026-01-09 23:59:59.999,TRUMP,1d,5.3563,5.4323,5.4999,5.2814,444413.6,5286
357,2026-01-10,2026-01-10 23:59:59.999,TRUMP,1d,5.4328,5.3992,5.4856,5.3637,508514.4,8311
358,2026-01-11,2026-01-11 23:59:59.999,TRUMP,1d,5.3996,5.4397,5.6871,5.3732,551649.7,5226
359,2026-01-12,2026-01-12 23:59:59.999,TRUMP,1d,5.4437,5.3416,5.5201,5.3011,429270.8,8127
360,2026-01-13,2026-01-13 23:59:59.999,TRUMP,1d,5.3405,5.6636,5.6826,5.3403,404439.5,6189
361,2026-01-14,2026-01-14 23:59:59.999,TRUMP,1d,5.6648,5.5558,5.7829,5.5448,719688.4,6509
362,2026-01-15,2026-01-15 23:59:59.999,TRUMP,1d,5.5555,5.3597,5.5605,5.3136,428765.7,5586
363,2026-01-16,2026-01-16 23:59:59.999,TRUMP,1d,5.3588,5.3816,5.4305,5.287,330605.1,5619
364,2026-01-17,2026-01-17 23:59:59.999,TRUMP,1d,5.3847,5.3106,5.4635,5.2639,467274.1,5336
365,2026-01-18,2026-01-18 23:59:59.999,TRUMP,1d,5.312,5.0782,5.3341,5.0356,599265.1,5185
366,2026-01-19,2026-01-19 23:59:59.999,TRUMP,1d,5.0826,5.0086,5.0842,4.5826,1155797.7,8766
367,2026-01-20,2026-01-20 23:59:59.999,TRUMP,1d,5.0095,4.8254,5.0163,4.7785,367988.7,5530
368,2026-01-21,2026-01-21 23:59:59.999,TRUMP,1d,4.8284,4.9357,4.9921,4.8009,414337.8,4779
369,2026-01-22,2026-01-22 23:59:59.999,TRUMP,1d,4.9357,4.8412,4.9753,4.8252,158427.0,3402
370,2026-01-23,2026-01-23 23:59:59.999,TRUMP,1d,4.8421,4.8517,4.9158,4.81,136543.0,3042
371,2026-01-24,2026-01-24 23:59:59.999,TRUMP,1d,4.851,4.9355,5.0019,4.8427,272877.3,3788
372,2026-01-25,2026-01-25 23:59:59.999,TRUMP,1d,4.9351,4.7595,4.9439,4.6836,452883.9,4677
373,2026-01-26,2026-01-26 23:59:59.999,TRUMP,1d,4.7601,4.8007,4.8613,4.7524,182367.0,3794
374,2026-01-27,2026-01-27 23:59:59.999,TRUMP,1d,4.8011,4.8008,4.8239,4.7335,246737.5,3958
375,2026-01-28,2026-01-28 23:59:59.999,TRUMP,1d,4.801,4.7525,4.824,4.7123,199294.1,4618
376,2026-01-29,2026-01-29 23:59:59.999,TRUMP,1d,4.7549,4.5738,4.7593,4.5038,341331.6,5827
377,2026-01-30,2026-01-30 23:59:59.999,TRUMP,1d,4.5737,4.4562,4.5946,4.4232,537687.6,5470
378,2026-01-31,2026-01-31 23:59:59.999,TRUMP,1d,4.4541,4.2409,4.5139,4.1051,1516347.2,10397
379,2026-02-01,2026-02-01 23:59:59.999,TRUMP,1d,4.2422,4.1297,4.2637,4.0717,719218.8,6166
380,2026-02-02,2026-02-02 23:59:59.999,TRUMP,1d,4.1321,4.2636,4.2745,4.0262,784938.8,4980
381,2026-02-03,2026-02-03 23:59:59.999,TRUMP,1d,4.2656,4.2075,4.289,4.0777,1384370.3999999999,6104
382,2026-02-04,2026-02-04 23:59:59.999,TRUMP,1d,4.2084,4.141,4.2663,4.084,872023.0,7041
383,2026-02-05,2026-02-05 23:59:59.999,TRUMP,1d,4.1419,3.4215,4.1663,3.4197,2337028.0,12787
384,2026-02-06,2026-02-06 23:59:59.999,TRUMP,1d,3.4254,3.5042,3.5729,3.0407,1501189.3999999999,10161
385,2026-02-07,2026-02-07 23:59:59.999,TRUMP,1d,3.5037,3.4311,3.5042,3.2593,814799.9,5221
386,2026-02-08,2026-02-08 23:59:59.999,TRUMP,1d,3.4257,3.3525,3.431,3.2724,446992.7,3583
387,2026-02-09,2026-02-09 23:59:59.999,TRUMP,1d,3.3527,3.3593,3.4559,3.2443,866634.1,4611
388,2026-02-10,2026-02-10 23:59:59.999,TRUMP,1d,3.3593,3.2307,3.3764,3.2129,521308.5,4175
389,2026-02-11,2026-02-11 23:59:59.999,TRUMP,1d,3.2329,3.2174,3.2744,3.0789,1145409.2,6488
390,2026-02-12,2026-02-12 23:59:59.999,TRUMP,1d,3.217,3.2847,3.3473,3.195,481332.6,3787
391,2026-02-13,2026-02-13 23:59:59.999,TRUMP,1d,3.2847,3.4175,3.4254,3.241,430245.1,3717
392,2026-02-14,2026-02-14 23:59:59.999,TRUMP,1d,3.4157,3.5809,3.6394,3.4023,405239.9,3917
393,2026-02-15,2026-02-15 23:59:59.999,TRUMP,1d,3.5828,3.4192,3.604,3.3533,464215.2,4316
394,2026-02-16,2026-02-16 23:59:59.999,TRUMP,1d,3.4169,3.3797,3.6014,3.3681,1473634.0,8949
395,2026-02-17,2026-02-17 23:59:59.999,TRUMP,1d,3.3798,3.4498,3.4644,3.3125,556426.3,5514
396,2026-02-18,2026-02-18 23:59:59.999,TRUMP,1d,3.4516,3.3763,3.588,3.3533,654426.3,6360
397,2026-02-19,2026-02-19 23:59:59.999,TRUMP,1d,3.3764,3.4134,3.4827,3.3604,409468.2,3662
398,2026-02-20,2026-02-20 23:59:59.999,TRUMP,1d,3.4157,3.5672,3.8002,3.4151,4922671.7000000002,16897
399,2026-02-21,2026-02-21 23:59:59.999,TRUMP,1d,3.5683,3.4662,3.5698,3.4566,523671.6,4578
400,2026-02-22,2026-02-22 23:59:59.999,TRUMP,1d,3.4635,3.3873,3.4635,3.3463,413299.0,3937
401,2026-02-23,2026-02-23 23:59:59.999,TRUMP,1d,3.3856,3.305,3.4277,3.1878,581408.9,5929
402,2026-02-24,2026-02-24 23:59:59.999,TRUMP,1d,3.304,3.3577,3.4888,3.2263,558397.1,6584
403,2026-02-25,2026-02-25 23:59:59.999,TRUMP,1d,3.3589,3.5251,3.6286,3.344,624405.6,5112
404,2026-02-26,2026-02-26 23:59:59.999,TRUMP,1d,3.5266,3.4649,3.5571,3.4008,344581.6,4046
405,2026-02-27,2026-02-27 23:59:59.999,TRUMP,1d,3.4655,3.3967,3.4727,3.3248,380164.8,3921
406,2026-02-28,2026-02-28 23:59:59.999,TRUMP,1d,3.3921,3.4737,3.492,3.2169,587540.6,4918
407,2026-03-01,2026-03-01 23:59:59.999,TRUMP,1d,3.4738,3.4149,3.6843,3.3421,956674.8,7301
408,2026-03-02,2026-03-02 23:59:59.999,TRUMP,1d,3.4178,3.4785,3.5648,3.385,275106.7,3849
409,2026-03-03,2026-03-03 23:59:59.999,TRUMP,1d,3.4816,3.3896,3.4935,3.3543,183084.7,3505
410,2026-03-04,2026-03-04 23:59:59.999,TRUMP,1d,3.3874,3.4272,3.4836,3.3201,520605.1,3856
411,2026-03-05,2026-03-05 23:59:59.999,TRUMP,1d,3.4255,3.2279,3.4585,3.1882,405689.3,3532
412,2026-03-06,2026-03-06 23:59:59.999,TRUMP,1d,3.2263,3.1306,3.274,3.0977,379032.3,4977
413,2026-03-07,2026-03-07 23:59:59.999,TRUMP,1d,3.132,2.9949,3.1435,2.9645,301822.9,3929
414,2026-03-08,2026-03-08 23:59:59.999,TRUMP,1d,2.996,2.9627,3.1001,2.9331,366052.6,4121
415,2026-03-09,2026-03-09 23:59:59.999,TRUMP,1d,2.964,2.8807,3.0451,2.8696,376828.8,4392
416,2026-03-10,2026-03-10 23:59:59.999,TRUMP,1d,2.88,2.9024,2.9783,2.8569,779159.2,3701
417,2026-03-11,2026-03-11 23:59:59.999,TRUMP,1d,2.9023,2.8948,2.9641,2.8822,350558.3,3410
418,2026-03-12,2026-03-12 23:59:59.999,TRUMP,1d,2.8947,2.9308,3.1061,2.7021,4500394.7999999998,14082
419,2026-03-13,2026-03-13 23:59:59.999,TRUMP,1d,2.9317,3.8527,4.448,2.9102,21005165.6999999993,74887
420,2026-03-14,2026-03-14 23:59:59.999,TRUMP,1d,3.8534,4.0092,4.3273,3.6723,14099350.4000000004,48228
421,2026-03-15,2026-03-15 23:59:59.999,TRUMP,1d,4.0068,4.0453,4.135,3.8753,6885332.4000000004,26723
422,2026-03-16,2026-03-16 23:59:59.999,TRUMP,1d,4.0433,3.8998,4.3497,3.7718,5897491.5,19425
423,2026-03-17,2026-03-17 23:59:59.999,TRUMP,1d,3.8973,3.6545,3.9716,3.6447,3125200.6000000001,16424
424,2026-03-18,2026-03-18 23:59:59.999,TRUMP,1d,3.654,3.4818,3.7636,3.4037,3330586.3999999999,12975
425,2026-03-19,2026-03-19 23:59:59.999,TRUMP,1d,3.4823,3.3438,3.5313,3.2996,3242335.6000000001,11573
426,2026-03-20,2026-03-20 23:59:59.999,TRUMP,1d,3.3442,3.3431,3.4403,3.2884,1041201.4,8617
427,2026-03-21,2026-03-21 23:59:59.999,TRUMP,1d,3.3444,3.2524,3.3907,3.2248,521749.9,4534
428,2026-03-22,2026-03-22 23:59:59.999,TRUMP,1d,3.2499,3.1913,3.3088,3.1572,1203971.5,6631
429,2026-03-23,2026-03-23 23:59:59.999,TRUMP,1d,3.1915,3.2868,3.3312,3.1416,1101416.3,8183
430,2026-03-24,2026-03-24 23:59:59.999,TRUMP,1d,3.2862,3.2704,3.3,3.2286,430132.3,4526
431,2026-03-25,2026-03-25 23:59:59.999,TRUMP,1d,3.2707,3.2802,3.385,3.2378,1664098.8999999999,8100
432,2026-03-26,2026-03-26 23:59:59.999,TRUMP,1d,3.2807,3.1233,3.2864,3.0627,811786.6,7021
433,2026-03-27,2026-03-27 23:59:59.999,TRUMP,1d,3.1241,2.9904,3.1466,2.9714,972120.5,7945
434,2026-03-28,2026-03-28 23:59:59.999,TRUMP,1d,2.9911,2.9376,3.0316,2.9161,388893.7,5012
435,2026-03-29,2026-03-29 23:59:59.999,TRUMP,1d,2.9371,2.8632,2.9611,2.8058,850872.3,6292
436,2026-03-30,2026-03-30 23:59:59.999,TRUMP,1d,2.8645,2.9347,3.0077,2.8586,1203725.0,8991
437,2026-03-31,2026-03-31 23:59:59.999,TRUMP,1d,2.9357,3.008,3.0813,2.9221,1153164.1000000001,8468
438,2026-04-01,2026-04-01 23:59:59.999,TRUMP,1d,3.0082,2.9462,3.0552,2.93,403908.9,5212
439,2026-04-02,2026-04-02 23:59:59.999,TRUMP,1d,2.948,2.8125,2.9839,2.7898,718666.9,6575
440,2026-04-03,2026-04-03 23:59:59.999,TRUMP,1d,2.8143,2.7917,2.8946,2.7799,486589.0,5348
441,2026-04-04,2026-04-04 23:59:59.999,TRUMP,1d,2.7908,2.8989,2.9926,2.7778,1197074.0,7769
442,2026-04-05,2026-04-05 23:59:59.999,TRUMP,1d,2.8992,2.876,2.904,2.8063,624837.1,4914
443,2026-04-06,2026-04-06 23:59:59.999,TRUMP,1d,2.8763,2.8383,2.9324,2.8307,1057715.2,6134
444,2026-04-07,2026-04-07 23:59:59.999,TRUMP,1d,2.8376,3.0002,3.0226,2.7755,921788.0,7473
445,2026-04-08,2026-04-08 23:59:59.999,TRUMP,1d,3.0,2.9166,3.0757,2.9083,958849.4,7286
446,2026-04-09,2026-04-09 23:59:59.999,TRUMP,1d,2.9158,2.9241,3.027,2.8646,2407720.3999999999,11424
447,2026-04-10,2026-04-10 23:59:59.999,TRUMP,1d,2.9242,2.8476,2.935,2.8315,1455614.3,9599
448,2026-04-11,2026-04-11 23:59:59.999,TRUMP,1d,2.848,2.8231,2.8642,2.7811,1136544.3,9381
449,2026-04-12,2026-04-12 23:59:59.999,TRUMP,1d,2.8236,2.7895,2.8411,2.7581,1393024.8999999999,9531
450,2026-04-13,2026-04-13 23:59:59.999,TRUMP,1d,2.7919,2.8714,2.8783,2.7749,1135513.3,7127
451,2026-04-14,2026-04-14 23:59:59.999,TRUMP,1d,2.8711,2.8007,2.8769,2.7649,1783106.7,8554
452,2026-04-15,2026-04-15 23:59:59.999,TRUMP,1d,2.8007,2.9335,2.9367,2.7835,1264390.3999999999,7705
453,2026-04-16,2026-04-16 23:59:59.999,TRUMP,1d,2.9364,3.065,3.1149,2.8707,1584100.3,9894
454,2026-04-17,2026-04-17 23:59:59.999,TRUMP,1d,3.0711,3.0418,3.096,2.9793,795972.0,6526
455,2026-04-18,2026-04-18 23:59:59.999,TRUMP,1d,3.038,2.875,3.0406,2.8535,1187347.7,5945
456,2026-04-19,2026-04-19 23:59:59.999,TRUMP,1d,2.8756,2.7893,2.8801,2.7672,613333.9,5444
457,2026-04-20,2026-04-20 23:59:59.999,TRUMP,1d,2.7904,2.8708,2.9053,2.7888,1279740.8999999999,7865
458,2026-04-21,2026-04-21 23:59:59.999,TRUMP,1d,2.8705,2.8532,2.9128,2.8028,751880.6,5004
459,2026-04-22,2026-04-22 23:59:59.999,TRUMP,1d,2.8543,2.9119,3.0438,2.8416,4182630.1000000001,14106
460,2026-04-23,2026-04-23 23:59:59.999,TRUMP,1d,2.9114,2.8656,2.9145,2.8048,2309456.7000000002,9162
461,2026-04-24,2026-04-24 23:59:59.999,TRUMP,1d,2.8692,2.8807,3.1271,2.8353,6547544.0999999996,18957
462,2026-04-25,2026-04-25 23:59:59.999,TRUMP,1d,2.8766,2.5598,2.983,2.4624,11086337.0999999996,29668
463,2026-04-26,2026-04-26 23:59:59.999,TRUMP,1d,2.5612,2.6101,2.7003,2.5406,4075916.2999999998,14371
464,2026-04-27,2026-04-27 23:59:59.999,TRUMP,1d,2.61,2.5228,2.6226,2.4208,1486520.2,8257
465,2026-04-28,2026-04-28 23:59:59.999,TRUMP,1d,2.5233,2.4865,2.5312,2.4365,652716.0,4781
466,2026-04-29,2026-04-29 23:59:59.999,TRUMP,1d,2.4858,2.3902,2.5101,2.2953,1741306.3,7170
467,2026-04-30,2026-04-30 23:59:59.999,TRUMP,1d,2.3912,2.3805,2.4075,2.3583,985751.1,4318
468,2026-05-01,2026-05-01 23:59:59.999,TRUMP,1d,2.3817,2.311,2.4028,2.2442,1175920.1000000001,5345
469,2026-05-02,2026-05-02 23:59:59.999,TRUMP,1d,2.3134,2.354,2.379,2.2445,3046617.3999999999,8590
470,2026-05-03,2026-05-03 23:59:59.999,TRUMP,1d,2.354,2.3285,2.369,2.3145,440325.9,5175
471,2026-05-04,2026-05-04 23:59:59.999,TRUMP,1d,2.3277,2.3131,2.3706,2.2879,1134845.8999999999,6370
472,2026-05-05,2026-05-05 23:59:59.999,TRUMP,1d,2.313,2.3742,2.4632,2.3093,2606936.8999999999,8712
473,2026-05-06,2026-05-06 23:59:59.999,TRUMP,1d,2.3736,2.3693,2.4552,2.3368,1622236.5,6508
474,2026-05-07,2026-05-07 23:59:59.999,TRUMP,1d,2.3691,2.3767,2.4079,2.3205,884548.1,4998
475,2026-05-08,2026-05-08 23:59:59.999,TRUMP,1d,2.3785,2.4791,2.4914,2.3444,1370641.1000000001,5884
476,2026-05-09,2026-05-09 23:59:59.999,TRUMP,1d,2.4791,2.4597,2.5167,2.4305,570914.8,5601
477,2026-05-10,2026-05-10 23:59:59.999,TRUMP,1d,2.4595,2.485,2.5535,2.4174,782269.1,4887
478,2026-05-11,2026-05-11 23:59:59.999,TRUMP,1d,2.4875,2.4297,2.4918,2.3818,1645281.8999999999,5914
479,2026-05-12,2026-05-12 23:59:59.999,TRUMP,1d,2.4278,2.4429,2.583,2.2947,5681388.0999999996,16818
480,2026-05-13,2026-05-13 23:59:59.999,TRUMP,1d,2.4467,2.3606,2.5254,2.3228,4226520.5999999996,14793
481,2026-05-14,2026-05-14 23:59:59.999,TRUMP,1d,2.3597,2.373,2.4433,2.3375,907965.8,6020
482,2026-05-15,2026-05-15 23:59:59.999,TRUMP,1d,2.3745,2.2512,2.3904,2.1974,1190376.6000000001,6746
483,2026-05-16,2026-05-16 23:59:59.999,TRUMP,1d,2.2485,2.1732,2.2554,2.116,807015.5,5572
484,2026-05-17,2026-05-17 23:59:59.999,TRUMP,1d,2.174,2.0845,2.1941,2.0259,765077.4,4278
485,2026-05-18,2026-05-18 23:59:59.999,TRUMP,1d,2.0819,2.0729,2.1046,2.0124,798628.9,5357
486,2026-05-19,2026-05-19 23:59:59.999,TRUMP,1d,2.0736,2.0128,2.0911,2.0038,931581.3,4608
487,2026-05-20,2026-05-20 23:59:59.999,TRUMP,1d,2.0137,2.0294,2.0641,1.9795,1027902.8,5108
488,2026-05-21,2026-05-21 23:59:59.999,TRUMP,1d,2.0294,2.0774,2.1222,2.0067,1132681.2,5692
489,2026-05-22,2026-05-22 23:59:59.999,TRUMP,1d,2.0784,2.0164,2.1459,1.997,1274836.8,6583
490,2026-05-23,2026-05-23 23:59:59.999,TRUMP,1d,2.0145,2.0983,2.124,1.9492,1304559.1000000001,6479
491,2026-05-24,2026-05-24 23:59:59.999,TRUMP,1d,2.0976,2.0594,2.1194,2.025,651026.2,4558
492,2026-05-25,2026-05-25 23:59:59.999,TRUMP,1d,2.0614,2.0795,2.1119,2.0531,1162348.6000000001,4598
493,2026-05-26,2026-05-26 23:59:59.999,TRUMP,1d,2.0802,2.0123,2.0928,1.9935,1379539.2,5126
494,2026-05-27,2026-05-27 23:59:59.999,TRUMP,1d,2.013,1.952,2.0329,1.9115,1557550.8999999999,6312
495,2026-05-28,2026-05-28 23:59:59.999,TRUMP,1d,1.9513,1.9054,1.9608,1.8241,2093636.5,7919
496,2026-05-29,2026-05-29 23:59:59.999,TRUMP,1d,1.9044,1.9738,2.0047,1.8745,1865400.7,6901
497,2026-05-30,2026-05-30 23:59:59.999,TRUMP,1d,1.9758,1.9947,2.0575,1.9718,1063929.3,6336
498,2026-05-31,2026-05-31 23:59:59.999,TRUMP,1d,1.9963,2.0147,2.0265,1.9697,552140.9,4396
499,2026-06-01,2026-06-01 23:59:59.999,TRUMP,1d,2.0151,2.0421,2.1192,1.9455,1386572.3999999999,7342
500,2026-06-02,2026-06-02 23:59:59.999,TRUMP,1d,2.0416,1.9472,2.0779,1.8996,1890434.6000000001,9730
501,2026-06-03,2026-06-03 23:59:59.999,TRUMP,1d,1.9494,1.9871,2.0252,1.9098,1472008.3,8384
502,2026-06-04,2026-06-04 23:59:59.999,TRUMP,1d,1.9857,1.8014,2.0058,1.753,2979892.1000000001,11158
503,2026-06-05,2026-06-05 23:59:59.999,TRUMP,1d,1.8004,1.5934,1.8096,1.519,1929867.2,15312
504,2026-06-06,2026-06-06 23:59:59.999,TRUMP,1d,1.594,1.5754,1.616,1.4885,864447.9,6814
505,2026-06-07,2026-06-07 23:59:59.999,TRUMP,1d,1.5762,1.6627,1.7026,1.5704,818817.1,6373
506,2026-06-08,2026-06-08 23:59:59.999,TRUMP,1d,1.6639,1.6832,1.7263,1.6251,1031920.6,6145
507,2026-06-09,2026-06-09 23:59:59.999,TRUMP,1d,1.682,1.6528,1.6864,1.6002,1633150.6000000001,5992
508,2026-06-10,2026-06-10 23:59:59.999,TRUMP,1d,1.6537,1.6367,1.6892,1.6061,1637071.1000000001,8410
509,2026-06-11,2026-06-11 23:59:59.999,TRUMP,1d,1.6354,1.7393,1.757,1.6354,1524190.6000000001,7417
510,2026-06-12,2026-06-12 23:59:59.999,TRUMP,1d,1.7396,2.1503,2.2125,1.7373,14027788.1999999993,35981
511,2026-06-13,2026-06-13 23:59:59.999,TRUMP,1d,2.1516,2.1826,2.3684,2.0962,14029845.9000000004,41752
512,2026-06-14,2026-06-14 23:59:59.999,TRUMP,1d,2.1823,2.0676,2.205,1.9626,8564341.4000000004,24780
513,2026-06-15,2026-06-15 23:59:59.999,TRUMP,1d,2.0673,1.9896,2.0925,1.95,4231617.2000000002,19090
514,2026-06-16,2026-06-16 23:59:59.999,TRUMP,1d,1.9885,1.9032,2.0205,1.8448,3468666.7000000002,13373
515,2026-06-17,2026-06-17 23:59:59.999,TRUMP,1d,1.9042,1.9143,1.9591,1.8641,1712978.8999999999,8694
516,2026-06-18,2026-06-18 23:59:59.999,TRUMP,1d,1.9146,1.8885,1.9277,1.7952,1777105.5,7479
517,2026-06-19,2026-06-19 23:59:59.999,TRUMP,1d,1.8885,1.8646,1.9043,1.8265,790267.8,4422
